train_loss,train_acc,val_loss,val_acc,learning_rate
0.47576742898534846,85.18055555555556,0.2428447565273244,91.94444444444444,0.001
